filename,label,AX_mean,AX_std,AX_max,AX_min,AX_range,AX_skew,AX_kurtosis,AY_mean,AY_std,AY_max,AY_min,AY_range,AY_skew,AY_kurtosis,AZ_mean,AZ_std,AZ_max,AZ_min,AZ_range,AZ_skew,AZ_kurtosis,GX_mean,GX_std,GX_max,GX_min,GY_mean,GY_std,GY_max,GY_min,GZ_mean,GZ_std,GZ_max,GZ_min,VX_mean,VX_std,VX_max,VX_min,VX_range,VY_mean,VY_std,VY_max,VY_min,VY_range,DX_mean,DX_std,DX_max,DX_min,DX_total_change,DY_mean,DY_std,DY_max,DY_min,DY_total_change,duration,sample_count,open_close_ratio
device001_label_data_202502181136.xlsx,0,-0.001982797145835001,0.017339144413140013,0.08625169201830125,-0.1986000200248816,0.2848517120431829,-1.2691488825546877,14.571521217450613,0.00014981474721912017,0.026074058768277567,0.06818948216205856,-0.07455678787351361,0.14274627003557216,-0.018092776777040555,1.687548266927016,0.006384763267202277,0.010145510247598905,0.11541844648802543,-0.06538584088927696,0.1808042873773024,0.35512056086757016,12.211936572162791,0.004761106836576231,0.05640495934187503,0.3822589883919438,-0.6014843512605733,0.00951465582463537,0.11104244141662215,0.8299719736907195,-1.5073667355712086,-0.00171841366454989,0.09013156959938744,0.6451307753596309,-0.7805272076826734,-0.012434362630934144,0.030486199685981093,0.057169285754965354,-0.1740513934798322,0.23122067923479755,0.00295749885946935,0.07910951854464374,0.2143978088483502,-0.20400826635615504,0.41840607520450523,-0.0690127579786866,0.31264192311032085,0.06455667000567981,-3.4469759970072675,-0.35112983992451013,0.3856642168914688,1.3848124411276328,3.330735215534391,-2.527684507670366,3.330735215534391,1126.0,5631,1.0222222222222221
device002_label_data_202502191544.xlsx,0,-0.0016972590477031479,0.01591334906109313,0.08273623285900518,-0.0748419061774975,0.1575781390365027,0.11122463569665314,6.22611387812389,-2.777179610722694e-05,0.022765192272828003,0.0631637933211705,-0.06483106728030708,0.12799486060147758,-0.0359616419153696,1.9219284073161202,0.002861283054455162,0.010471715932958517,0.07428020200585259,-0.1374494775798978,0.2117296795857504,-1.652881738709608,24.211968112189126,-0.00465810241212722,0.05992814471019655,0.6626993523691802,-0.4738269001079504,0.002845142851081396,0.18615666539300996,1.1859822370588724,-1.780744925628445,-0.009351891439034055,0.08103224297867664,0.6296890158629097,-0.6504674072535701,-0.0074460368737978705,0.018841852973176008,0.054980232795655094,-0.09921794993392441,0.1541981827295795,0.0014533678875268325,0.07050318758402578,0.15935598658769468,-0.15197431954643764,0.3113303061341323,-0.023251440760419465,0.07952572824674443,0.12287805771647008,-0.6225395663123484,-0.2626040298120805,1.6474004227823837,1.0197918288159293,3.716315415277878,0.0,1.3548295447525136,932.0,4661,0.975
device003_label_data_202502181537.xlsx,0,-0.000651946088273134,0.01610266374918402,0.14070741309285434,-0.19863115491186575,0.33933856800472006,-1.7265184669423852,24.559337710519515,-0.00011178534595437951,0.008562557653499505,0.04752964756789457,-0.051451672209924526,0.0989813197778191,-0.011323060034574218,2.8381111961893715,0.012997269602490005,0.020585552535665706,0.19642758305439809,-0.1554389688387708,0.3518665518931689,-0.16285120314405405,13.258457725564522,0.005861774348219076,0.23300675308820418,2.652812497548228,-2.6226129639719966,0.0015264505754777674,0.19430022383812764,2.4156589638299084,-2.0663841085761057,-0.0006224889833073724,0.09465941903403587,0.9068163142134749,-1.2169974125508758,-0.0033172224973059233,0.028516695542631344,0.10746575438933416,-0.14737881453898594,0.2548445689283201,-0.0007759779940465566,0.0261353105476469,0.07790440426769249,-0.08121775432740763,0.15912215859510012,-0.012729152447826296,0.2203619295677665,1.6096092011246141,-1.5946663285012674,0.19974394934966927,-0.554928925360167,1.2974239239909775,2.030406898786397,-2.8136686401686553,-1.3387172353291308,1725.0,8626,0.9767441860465116
device004_正常_202502251127_marked.xlsx,0,0.004463996590174909,0.014403072104936214,0.08708050316774014,-0.07840366641898505,0.16548416958672518,-0.004492390276244966,7.571109038478477,-7.887747498040194e-05,0.0100916809480431,0.033016517761467745,-0.03536473104919147,0.06838124881065921,0.04050948264710617,1.9097675172607542,-0.0008734844609242776,0.008533242267859238,0.0723701312550482,-0.0873193285112638,0.159689459766312,-0.28645748750149685,12.165508769472494,0.011034308030478298,0.08473975371460958,0.5168101757790415,-0.4751252002352522,0.0071744679569761575,0.1845321799643055,1.218814822619998,-1.524542385262362,-0.0014351243913028329,0.11432382707108471,0.6955304195498191,-0.7619569026504178,0.03609548879879938,0.04655127213224995,0.19150439387017312,-0.030396102339176254,0.22190049620934937,-0.0011695008538462662,0.023569398584067557,0.09586318124249175,-0.09165443348722611,0.18751761472971787,0.2129614479204855,0.3493837141817514,2.0597413267916407,-0.044329851528500275,1.528722657509648,-0.9822778902906035,0.6277373528037679,0.3764325942493115,-2.001333436368289,-1.4469064563786063,1237.0,6186,0.975609756097561
device005_正常_202502281414_marked.xlsx,0,-0.0015145779697916708,0.01333070345151612,0.0848073306030552,-0.08552313827475086,0.17033046887780606,-0.3965319040959465,8.022843321343334,-0.00039983886004039867,0.011617381962704607,0.05670615813104829,-0.10162975278645292,0.1583359109175012,-0.14270226367789415,6.1421621568581966,0.005587702084889823,0.013653188155537328,0.24890430664280477,-0.1484918638905322,0.397396170533337,2.4470913255520683,65.60207999803853,-0.0038727653737601264,0.09760498220969531,0.9881656266763755,-1.0134790895597496,0.010393080148448013,0.18590097789504853,2.269627115700542,-1.935432164240533,0.005603109149906505,0.08503900746552656,0.7758859957526784,-0.959958706130758,-0.022878775565941676,0.04902495168131004,0.08057331527791446,-0.22617851799325803,0.3067518332711725,-0.00600485647511659,0.04659189735945918,0.12118546086394198,-0.1307205318481827,0.25190599271212466,-1.1470720275110933,3.9823897253002722,0.3126170903848432,-26.158329137416313,-0.1298174086270829,-5.294125193130106,3.5007121069407177,0.942187187514467,-13.035789624265353,-12.209074185207069,2033.0,10166,1.0512820512820513
device006_正常_1_202503031156_marked.xlsx,0,0.002462535121807525,0.014168130700551663,0.09405269000255351,-0.060622247714377374,0.1546749377169309,0.2633242601011158,6.665124399908254,-0.00011272293921840805,0.018170870369515715,0.053626853010729336,-0.05401884053778838,0.10764569354851772,0.02767842729565787,3.2869243057793884,-0.006164325694726748,0.004665075088149397,0.03051937410185095,-0.03210068682735018,0.06262006092920112,0.4735321763268023,9.139811077248101,-0.0022403123124747192,0.11600010204053536,1.0803005876601914,-0.9048056607725677,0.0075638614305161105,0.10189282690231291,0.8041909309139679,-0.6134655641825558,-0.00818802299004784,0.07542967898746097,0.4300399863824081,-0.6397177414076392,0.010982136089466688,0.02387028330528063,0.12305516933022594,-0.030399507421155166,0.1534546767513811,-0.00011807591733065212,0.030232790332776954,0.1042637329117253,-0.1070599371539796,0.2113236700657049,0.03317267483044396,0.08972481882648418,0.6203841095992195,-0.07888684536741047,0.4663744320269409,-0.08196823150418575,0.18628804526844292,0.30219056447933507,-0.42906895753221685,-0.057408511006163676,486.0,2431,0.9523809523809523
device006_正常_2_202503030920_marked.xlsx,0,0.003402479456254395,0.015516820183478953,0.10452534008641419,-0.08587316865384564,0.19039850874025982,0.5686279242746866,7.964127310154467,-0.0004232284174210441,0.019139059741432117,0.06103944345479251,-0.0608875433621181,0.12192698681691061,-0.011571577546547498,2.732973324595673,-0.006331463793742215,0.004661079266407496,0.03329186006195059,-0.032906631129808246,0.06619849119175883,0.7471821069969175,9.409098236790308,-0.007488919592637478,0.08547052377593921,0.362245032997365,-0.48893188707619994,0.0077422039403585155,0.09344908304144783,1.0474038145976816,-0.5236285636476076,0.003428780458863449,0.07819500935489482,0.4501313202792003,-0.6923187283175865,0.014131587707274637,0.026508178385744915,0.12170975755741785,-0.02934303054570403,0.1510527881031219,-0.0023876470148051984,0.03236675106902137,0.10851515493261044,-0.11173993901707163,0.22025509394968207,0.041970316227041164,0.10092877725265921,0.7122669802467014,-0.0365013922803502,0.4919766563131053,-0.5395898829448348,0.45727103024092436,0.26902183634607846,-1.2998811475829393,-1.055817509946858,442.0,2211,0.9523809523809523
device001_故障_关门不到位_202502201118.xlsx,1,-5.988754904617027e-19,0.02101955692772474,0.09554064889524218,-0.13813456273342983,0.233675211628672,-0.5910726975446168,9.437405634406788,0.9764886345595482,0.0045166717651877256,1.0129321825872593,0.9518023330423768,0.06112984954488243,0.6066795384390393,9.722449230524997,0.006561818784254499,0.012706093106474987,0.11752515780823139,-0.04786272401567902,0.1653878818239104,1.1282451786433225,11.178053746217653,-0.0034696154354564835,0.06837797897965764,0.7889892475792081,-0.29595382288921207,0.004066063376181581,0.14287151133855527,0.7892460556762342,-0.7550727438075426,-0.0010968898997479567,0.11930544490345349,0.6971406024732977,-0.9208933463179914,0.0,0.0,0.0,0.0,0.0,117.76256843012582,67.98086685393163,235.33376092885098,0.19326187443834852,235.14049905441263,0.0,0.0,0.0,0.0,0.0,9474.653442560213,8471.204785540676,28380.77899166032,0.038652374887669705,28380.740339285432,240.8,1205,0.0
device001_故障_开关门抖动_202502201123.xlsx,1,2.308155976351677e-19,0.023881017211595586,0.17420868421170863,-0.1528825366375894,0.32709122084929804,-0.5012080327224456,11.348558331591546,0.9766960305970523,0.02608415812366118,1.1961288643118089,0.865457452096621,0.3306714122151879,1.107762357106152,8.376185434750713,0.009678233811940573,0.1069952320220372,1.1725647229280134,-0.8724791798665099,2.0450439027945233,1.828524376368269,31.204913639761912,0.0034773550476344985,0.4462217739253263,4.406306155893955,-3.0356955052195946,0.04079035193322182,0.9054401929926341,7.985182273766846,-9.519821925128655,-0.006630512930491076,0.13714219122876609,0.7884602401654919,-1.2501812816029192,0.0,0.0,0.0,0.0,0.0,234.9060706772017,135.65310982489171,469.79079071718166,0.19580076693038834,469.59498995025126,0.0,0.0,0.0,0.0,0.0,37686.51857734093,33702.29097038052,112989.81999573401,0.03916015338607767,112989.78083558062,480.8,2405,0.0
device001_故障_开门不到位_202502201120.xlsx,1,1.5377050202564495e-18,0.020511218559612215,0.40852233327275905,-0.08584914492952517,0.4943714782022842,9.46866943551256,152.33980153272972,0.9769828456116166,0.01854786010429618,1.5175857939948112,0.9334672127529404,0.5841185812418708,22.985159488032103,584.229810330515,0.00699591338832427,0.03718880085422685,1.0901841017768934,-0.16919955516375065,1.259383656940644,23.480427521566288,629.2057535937737,-0.007699173318107421,0.1757153439498584,1.3608591927739437,-4.806308817479519,-0.016568652838590776,0.42100214421661963,1.3288342967366125,-11.635327900262649,-0.0019951429971644683,0.06975660883897676,0.9610920246864241,-0.5622000359915944,0.0,0.0,0.0,0.0,0.0,176.40924938790312,101.84242466920782,352.69080726579364,0.19462779244249645,352.49617947335116,0.0,0.0,0.0,0.0,0.0,21249.279732055787,19000.070334781856,63683.73902903296,0.038925558488499296,63683.70010347447,360.8,1805,0.0
device001_故障_运动抖动_202502201116.xlsx,1,1.6229173781895975e-18,0.017539531201032764,0.08505208721482047,-0.08259919322661394,0.1676512804414344,0.31233217384263856,6.055947111526937,0.9761530504030348,0.02615155489646831,1.0532710421022629,0.9016974176728815,0.15157362442938138,0.04514632129532825,1.7684417930224545,0.006271162899319656,0.018841598981850793,0.28342540907139563,-0.12298004366666819,0.40640545273806383,3.596570581569396,56.37095324138346,0.0034941046115511353,0.08700150200575,0.8837824295377334,-0.9117181116584744,-0.008011516293151893,0.17373220161120484,1.6148656056088755,-2.0026703452704093,-0.0059615761967123015,0.09250322370889212,0.5477726875212605,-0.6024185766300054,0.0,0.0,0.0,0.0,0.0,147.12954217431607,84.90702618146425,293.8220681713138,0.1926759727938544,293.62939219851995,0.0,0.0,0.0,0.0,0.0,14782.490867978342,13216.125958509296,44285.992194469065,0.038535194558770886,44285.953659274506,300.8,1505,0.0
device002_故障_停梯不开门_202502182011.xlsx,1,-2.1378878443114834e-18,0.0015758150258473828,0.00967503111038557,-0.008490817858293693,0.01816584896867926,-0.0047363044262517555,4.832243070383301,0.9947251142703193,0.01165937473230184,1.059492150537207,0.9286007392790632,0.13089141125814385,0.28696972437151064,16.46758615494999,0.0032847410238065144,0.0031862891300037935,0.030875859736827913,-0.02166024939365124,0.05253610913047915,0.6888727279963526,9.00422336512524,0.0007819841435946295,0.03015679738505072,0.1931419048322575,-0.15140445483576906,-0.0011833105439979393,0.0623305478952805,0.3224898315325371,-0.38978061528002594,-0.004544482109669204,0.023073403412790103,0.17825654107968242,-0.12664343008128948,,,,,,,,,,,,,,,,,,,,,900.8000000000001,4505,
device002_故障_关门不到位_202502191551.xlsx,1,-2.57620812343959e-18,0.022098821605585364,0.20625803585983277,-0.07936638448222445,0.2856244203420572,1.8024794751873625,15.625643516778062,0.9946598833740619,0.005524200559914968,1.02617355977508,0.9670762897442237,0.05909727003085641,0.18879248862471495,5.6032077005031455,0.004750527112848651,0.017486283000243033,0.1591432844772894,-0.07581244540755736,0.23495572988484675,3.0985170666272386,21.81169998649017,-0.0057323675630913925,0.15228182742268784,1.7263074288392823,-2.0268653195120145,-0.009019563737095697,0.32310859901495764,1.0156187884111028,-5.316385644926818,-0.02576290171381934,0.15257328458415073,0.5703355199786881,-1.0891792531199451,0.0,0.0,0.0,0.0,0.0,90.10817943270084,52.002725368938194,180.03343889070536,0.2014645398806288,179.83197435082474,0.0,0.0,0.0,0.0,0.0,5448.151624630946,4869.867031632245,16309.580477318845,0.04029290797612576,16309.54018441087,180.8,905,0.0
device002_故障_开关门抖动_202502191552.xlsx,1,-6.458361085077088e-19,0.025040738641036227,0.12509798160888483,-0.12058322701003757,0.2456812086189224,0.390716239831541,5.103780586576247,0.9943191221915016,0.017838470097065885,1.1271855542904476,0.8533894342837317,0.27379612000671594,-0.7256921005904817,15.08724448628369,-0.0025628537070269733,0.0886037595170358,0.7121948772615648,-0.731459555423337,1.4436544326849017,-0.5658622258421199,16.74299036665066,0.00038109598040054446,0.5267005299639016,3.8906392142454163,-3.998226648425514,0.08185084402505777,1.1720931226302438,8.28451193258618,-7.489041605211254,-0.017176203357713634,0.17585971319124566,0.9065287759409557,-1.0935386488195786,0.0,0.0,0.0,0.0,0.0,179.58846510197904,103.65530257325706,358.9492031111318,0.19755912896096572,358.75164398217083,0.0,0.0,0.0,0.0,0.0,21634.575237692883,19345.101072694546,64831.43590181443,0.039511825792193145,64831.39638998864,360.8,1805,0.0
device002_故障_开门不到位_202502191550.xlsx,1,2.0960642166159593e-18,0.014400005924195124,0.0658194527235198,-0.09866807873663061,0.1644875314601504,-0.5649913029656974,8.188598490268236,0.9944647455719754,0.004388022156478647,1.0392263797221244,0.9726574337720086,0.06656894595011575,1.86861467448091,19.769441325428083,0.003792822599092825,0.012846375847888336,0.09537574677783879,-0.11878327833971122,0.21415902511755003,-1.043415185428503,22.502193085435856,0.00772622591442234,0.06775372270932493,0.3916442879734374,-0.5084224291743794,-0.007602388871097179,0.14732200680941762,0.5832386250547044,-0.775950667460733,-0.011769099902743128,0.09386863592652503,0.4864716809781543,-0.6449625951009756,0.0,0.0,0.0,0.0,0.0,119.95628712554789,69.22578300669682,239.6660036828461,0.20332124326264883,239.46268243958346,0.0,0.0,0.0,0.0,0.0,9652.642088682216,8629.248083742328,28909.465197257035,0.040664248652529766,28909.424533008383,240.8,1205,0.0
device002_故障_急停_202502182010.xlsx,1,-6.458361085077088e-19,0.005104849549942506,0.05288767500573622,-0.07193473398323008,0.1248224089889663,-0.5806679906024322,66.37861542900411,0.9947117184124763,0.05092616296007191,1.5866189997943918,0.520959234163856,1.0656597656305358,3.296500164498967,45.21759553479781,0.002357154076931665,0.01980378469309855,0.16697869619699945,-0.3032535340511415,0.470232230248141,-5.062415118122859,79.90131346802934,0.0005053528490602692,0.13316854139946557,1.6678721084823311,-2.1448678509208654,0.0005747629511419332,0.1888434274920478,2.253707581009889,-1.6574433510870656,-0.006927523032806148,0.055767051725773564,0.4370028109562816,-0.7858854801472162,0.0,0.0,0.0,0.0,0.0,179.86321035250288,103.72963216696392,359.0909303469042,0.2005856996247257,358.89034464727945,0.0,0.0,0.0,0.0,0.0,21676.470666145164,19381.04383635604,64930.61893725348,0.040117139924945144,64930.57882011355,360.8,1805,0.0
device002_故障_运行抖动_202502191552.xlsx,1,6.612131587102733e-19,0.015597882796924516,0.12576970280889402,-0.06723622468966607,0.1930059274985601,0.5091805320022217,8.883378059829909,0.9950325523470183,0.03064107540075989,1.6668037735924635,0.928818274065051,0.7379854995274124,10.056380775360775,192.00404993110382,0.00456520358411475,0.016717309286972588,0.38944496370202175,-0.06626937481538253,0.4557143385174043,11.593605473522613,227.34343646401265,0.015566447285578985,0.5892326022058795,17.351427658650934,-1.3485350978019868,-0.012841136695342571,0.21718182024277252,1.0569265655995932,-1.4860134132224903,-0.010105174091404079,0.11327870860561653,0.5521686970773206,-0.7940622159598052,0.0,0.0,0.0,0.0,0.0,179.76140185831275,103.74689286907561,359.2067513972732,0.1967778985068197,359.0099734987664,0.0,0.0,0.0,0.0,0.0,21656.270226987344,19364.62032627199,64893.866070850905,0.03935557970136394,64893.82671527121,360.8,1805,0.0
device004_故障_停梯不关门_202502261033.xlsx,1,5.424743263021309e-19,0.009424108119241641,0.07703529415911287,-0.10834131463298564,0.1853766087920985,-0.190702080802978,23.83608097356383,0.9770536735755935,0.006423260639961483,1.0109721494173056,0.9406035624726188,0.07036858694468684,-0.04612380465641616,9.255256323217427,-0.0011307358610051863,0.006477356713150725,0.16776304608689654,-0.07177027151492972,0.23953331760182628,3.4144532883093257,103.44101333166688,0.0016374774967023052,0.0696711778832404,0.8244547391692862,-0.7418617112686177,2.575274595051278e-07,0.11950489317221456,1.1687636254695566,-1.414263631495275,-0.00014259659462682094,0.07291358333308723,0.804456772053374,-1.2005372411086823,0.0,0.0,0.0,0.0,0.0,879.9191032749908,508.0237288930738,1759.6736661096381,0.19599610457085626,1759.4776700050672,0.0,0.0,0.0,0.0,0.0,528346.2855438605,472549.4086833274,1584734.3049982614,0.03919922091417125,1584734.2657990404,1800.8000000000002,9005,0.0
device004_故障_反复开关门_202502261036.xlsx,1,-0.008379458583747562,0.02762183179931696,0.045416177776647214,-0.1093910962427273,0.15480727401937452,-0.8856250444460304,0.9681525289510753,-2.0506437082870643e-05,0.016519031626870597,0.13255272752217695,-0.04753350240485499,0.18008622992703194,4.047466713234752,22.76610761106255,-0.003595710364505352,0.015706184520522415,0.050306088957245164,-0.08206363435423171,0.13236972331147687,-1.222500898394656,5.678421319867985,-0.004935118253610083,0.16040735278132096,1.058449099406298,-1.225183861909142,-0.0389596369515559,0.5056338160583118,2.0117182379113,-2.915067994207589,0.04394246883982593,0.30361922526232393,1.03952948971869,-1.253909844576997,-0.39108980498313717,0.25223120835570934,0.0019014652873637187,-0.8571367044854028,0.8590381697727665,-1.688483857929515e-05,0.0001965015652063455,0.0,-0.002662507716502531,0.002662507716502531,-12.595814223607672,11.976739646855364,0.0,-39.89116010828002,0.0010596113619161245,-7.594122888235651e-06,9.866922261054844e-05,0.0,-0.0017222535350881296,-0.0017222535350881296,101.80000000000001,510,0.8333333333333334
device004_故障_紧急停梯_202502261037.xlsx,1,-5.235448382420988e-19,0.007827255866892745,0.07728632373391707,-0.0684941273537204,0.14578045108763749,0.02094474578015347,27.285968992309,0.9768404051543235,0.014304019034323798,1.0823487690544438,0.7926045708581754,0.2897441981962684,-5.381206052966964,67.02980713405508,-0.0015555013921597052,0.00823893822497875,0.107947522683836,-0.1557412575445258,0.26368878022836184,-3.8745770356278886,104.50330183607679,-0.00556164453420786,0.07806358072796638,0.48213135558649317,-0.719433581035502,0.0036132029732648552,0.1795816863231657,2.959750987104408,-3.6199190310625466,-0.001862699144452355,0.04633106350480496,0.44099934756169756,-0.5493164017901093,0.0,0.0,0.0,0.0,0.0,352.2088802627458,203.35437077738695,704.3019321162675,0.19619129653655695,704.105740819731,0.0,0.0,0.0,0.0,0.0,84687.2814308623,75736.53098960455,253942.60266943972,0.039238259307311396,253942.5634311804,720.8000000000001,3605,0.0
device004_故障_行梯晃动_202502261038.xlsx,1,-5.271714266976052e-19,0.015030390165104612,0.1094279606558672,-0.08011247082480805,0.18954043148067523,0.17767061045253912,9.36694820660677,0.9768361761283192,0.009461632303157637,1.0259131036231401,0.9181500622410775,0.10776304138206261,-0.19024834941416377,4.769221871269141,-0.00046443412291281627,0.011965727280466621,0.12013440201100059,-0.0737350870472451,0.1938694890582457,1.2617305448107496,16.27093112246622,-0.007991655842039602,0.09809707971445956,0.6093443990771292,-0.7360259340578766,0.011660999138616637,0.20773137775560477,1.831405674033688,-1.3176434890254771,-0.0009314662380420806,0.0925351841183469,0.5357426722290028,-0.4729208570986599,,,,,,,,,,,,,,,,,,,,,421.0,2106,
device005_异常_停梯不开门_202502281733.xlsx,1,2.567583313194164e-18,0.006399387956504228,0.2353961992406352,-0.08977997412869586,0.3251761733693311,13.931290022462534,522.4453217928533,0.9863160215745779,0.012021022972090956,1.3213266264563197,0.8703071398290465,0.4510194866272732,7.16505572047415,194.24039205200307,0.005870389220300991,0.009366987180346153,0.39835758743884137,-0.08172828957726179,0.48008587701610317,26.530500891397452,985.9576065444506,-0.00470748265389882,0.08686014802577868,2.770492473302697,-0.8579101299727637,0.005453148100956707,0.10459724285740496,3.011186474975589,-1.349557966073966,-0.0014897434846740665,0.0511220221438117,0.5063732617532847,-1.7971357011735989,0.0,0.0,0.0,0.0,0.0,533.3068524803897,307.7795153763883,1066.2076193221194,0.19414069087070263,1066.0134786312487,0.0,0.0,0.0,0.0,0.0,192269.5674138389,171923.297115402,576504.7075313008,0.03882813817414053,576504.6687031627,1080.8,5405,0.0
device005_异常_反复开关门_202502281734.xlsx,1,-0.015685511264004543,0.02631736594040708,0.06385743729944993,-0.08915298912949236,0.1530104264289423,0.06080918812884466,0.375941116158963,0.0003843453384826302,0.005610496879311508,0.02785954282897818,-0.029115592488708875,0.05697513531768705,-0.05186851186290896,3.381959549862652,0.004773516495379629,0.017750967304844194,0.07031644546178188,-0.11960649006856494,0.18992293553034684,-1.5478399906493787,11.153376845711051,-0.021048416839517404,0.1629353494752927,1.3640834199596426,-1.0740485397515847,0.014729570367243419,0.23249148246414286,0.7378159633436463,-0.8136091711966078,0.008788661265266373,0.13137019282092013,0.7323693974000206,-0.48151462222066826,-0.07532695886901265,0.08214299056893079,0.03368381426404292,-0.33084471974106117,0.3645285340051041,0.0006484779779723466,0.00505637796079015,0.027750998542889642,-0.02123359053784127,0.04898458908073092,-0.32909261848346694,0.5949657190168692,0.05041029889589092,-3.22426163083256,-0.0008403877644747425,-0.01920761717555226,0.04377954177374475,0.07716887937870963,-0.08268491880296097,0.07716887937870963,118.80000000000001,595,1.0869565217391304
device005_异常_急停_202502281732.xlsx,1,-3.6945857724630834e-20,0.010172424690901143,0.23568907233271683,-0.17392282502943476,0.4096118973621516,5.027185515243735,206.09724628723205,0.9865854519865229,0.021395089138610726,1.324339192235466,0.8148283535946761,0.5095108386407898,7.046692359460166,105.48998167311441,0.007106061463463657,0.024090170534393877,0.5425603510547047,-0.24488005784036665,0.7874404088950713,12.508628689846898,241.8713395763184,-0.0014056205158249103,0.2965278809326341,8.183059897714811,-4.7754706631967645,0.0010562723888598328,0.2570596302891917,3.742878413391404,-4.899468085543624,0.0027013895765548605,0.11763733323486056,2.55554438901188,-1.7971357011390015,0.0,0.0,0.0,0.0,0.0,296.5908055993361,171.21209041859896,592.9378566438996,0.19785159594975266,592.7400050479499,0.0,0.0,0.0,0.0,0.0,59455.913295502054,53169.877147295985,178251.07416520093,0.039570319189950534,178251.03459488173,600.8000000000001,3005,0.0
device005_异常_运行晃动_202502281731.xlsx,1,4.802961504202009e-19,0.017056904828935997,0.08254559191986527,-0.07420755429658707,0.15675314621645234,0.02719395731609233,3.081850442375955,0.986002776722302,0.014012733920609482,1.046784197776903,0.9346379180990414,0.11214627967786162,0.09319055496675648,2.6796102669642052,0.005272188592212208,0.01629993850419263,0.1775675508454466,-0.11960649006856494,0.29717404091401156,0.18277887471607374,13.64764359434457,-0.021276862142491283,0.139500144038013,0.9306914163995367,-1.1452923374176558,0.007807903245250414,0.23758252720179152,1.301597066040195,-1.3312618566853225,0.0015285419292808543,0.09947423073025023,0.4664555506623105,-0.5015550854989734,0.0,0.0,0.0,0.0,0.0,296.4227566931638,171.08629466935753,592.5876688101015,0.19775385463603157,592.3899149554654,0.0,0.0,0.0,0.0,0.0,59427.21913128394,53138.75816434437,178150.0767725915,0.03955077092720632,178150.0372218206,600.8000000000001,3005,0.0
device006_故障_停梯不开门_202503030925.xlsx,1,-1.2450118260263197e-18,0.003892586829535857,0.05748674266200324,-0.05332308523720808,0.11080982789921132,0.5203572349353257,83.45111948242482,0.9794893038157341,0.01134716802245192,1.033561152800295,0.9246802290853843,0.10888092371491076,-0.00973464194644935,13.313386833945668,-0.005893040022711771,0.0024072855173699337,0.028071189895242377,-0.021481791111641797,0.04955298100688417,3.0350717745714264,35.50287669593569,0.0017563473101882211,0.06941116641124227,0.6808157692313179,-0.43254933850425625,0.003064438457490158,0.04838838943667375,0.32431191250380487,-0.2132552114903928,0.0020314363113688146,0.024338994802407744,0.37945414465057165,-0.19416973274316343,,,,,,,,,,,,,,,,,,,,,660.8000000000001,3305,
device006_故障_反复开关门_202503030922.xlsx,1,0.01005149345561761,0.033764808118896227,0.11613102167526221,-0.09200435985545767,0.20813538153071987,-0.33746270091309905,0.6075656152839608,-0.0007842806128862187,0.0045189551951977614,0.013263710747761337,-0.018802184996930205,0.03206589574469154,-0.38268184902775626,1.6928766379307367,-0.00652793750084329,0.007317484770344297,0.013925551635804837,-0.02513821756646713,0.03906376920227197,0.35474259542502184,0.40647072586933986,-0.024670658311056613,0.11291683114800037,0.4866896263575134,-0.34179123288819446,-0.0037309488733048455,0.15351214739289176,0.5274683583914919,-0.43383895083071716,0.03905603149653598,0.14606175049480735,0.41192791116529687,-0.5374353142033748,0.02578038047225124,0.03383466056128306,0.12086764573001599,-0.023164259898684442,0.14403190562870044,-0.001020494830992918,0.0037773809854469665,0.004974395197465699,-0.018163354271598885,0.023137749469064585,0.04463779464100168,0.07968602606220475,0.4342369387683929,-0.026911321125102115,-0.0037798998007666285,-0.020656917833703742,0.026599342363830436,0.013485497915420537,-0.05816820536659643,-0.05816820536659643,56.800000000000004,285,0.8867924528301887
device006_故障_急停_202503030923.xlsx,1,5.163828021512356e-19,0.01046033571734994,0.06677587270624959,-0.11941100169455696,0.18618687440080656,-3.1536292220493536,39.742389487749946,0.9806865489873386,0.04311343623155741,1.4476208524407403,0.6030200894195853,0.844600763021155,2.5400108966735626,35.09904226376249,-0.004051583203258659,0.03461334232874381,0.40563887744156746,-0.21429019041053368,0.6199290678521011,6.800648737626649,70.47617476895877,0.007855038163959669,0.2754066725650141,3.5758307137283176,-1.6465409661160584,0.004839704580794131,0.43778786619061305,4.667835050514846,-5.151076121773828,0.011178815154606685,0.11215217256131252,1.1580287881341351,-0.8752616709634349,0.0,0.0,0.0,0.0,0.0,147.58523942785934,85.25907671131257,295.1866512451891,0.19570327527353346,294.99094796991557,0.0,0.0,0.0,0.0,0.0,14820.538593658886,13255.79693014069,44423.15706778563,0.039140655054706694,44423.117927130574,300.8,1505,0.0
device006_故障_运行晃动_202503030924.xlsx,1,-1.84422429339727e-19,0.01556683655897836,0.10526091620783787,-0.09390037039488348,0.19916128660272137,0.47107341246208895,6.995909234282445,0.9792687650770484,0.018453641101309263,1.0361377093161759,0.9187336982941182,0.11740401102205766,0.00013792688303157431,3.17720159799607,-0.006220523324129216,0.005397419936514539,0.023601652460065067,-0.050167406001762595,0.07376905846182766,-0.9532903989635783,11.931002554358649,-0.006103217117988641,0.09346163607275719,0.31382449433887694,-0.7646079928366537,-0.002978951638222707,0.09671162823912852,0.5765768035746616,-0.9155263784629244,0.012646918026415146,0.10709225292849492,0.8500292375754377,-0.5389065408278844,0.0,0.0,0.0,0.0,0.0,147.46688590117873,85.11213292743707,294.75989828819087,0.1958984593746066,294.56399982881624,0.0,0.0,0.0,0.0,0.0,14815.47586695589,13245.60149598779,44387.53265625479,0.03917969187492132,44387.493476562915,300.8,1505,0.0
